VideoId,LabelConfidencePairs
/storage/haibn/yt8m/test_lotus/lotus_video_1425.mp4,News program
/storage/haibn/yt8m/test_lotus/lotus_video_4347.mp4,News program
/storage/haibn/yt8m/test_lotus/lotus_video_3171.mp4,News program
/storage/haibn/yt8m/test_lotus/lotus_video_4050.mp4,News program
/storage/haibn/yt8m/test_lotus/lotus_video_5210.mp4,News program
/storage/haibn/yt8m/test_lotus/lotus_video_2265.mp4,News program
/storage/haibn/yt8m/test_lotus/lotus_video_8742.mp4,News program
/storage/haibn/yt8m/test_lotus/lotus_video_8430.mp4,News program
/storage/haibn/yt8m/test_lotus/lotus_video_7530.mp4,News program
/storage/haibn/yt8m/test_lotus/lotus_video_2473.mp4,Entertainment
/storage/haibn/yt8m/test_lotus/lotus_video_1244.mp4,News program
/storage/haibn/yt8m/test_lotus/lotus_video_7681.mp4,News program
/storage/haibn/yt8m/test_lotus/lotus_video_7659.mp4,News program
/storage/haibn/yt8m/test_lotus/lotus_video_2461.mp4,News program
/storage/haibn/yt8m/test_lotus/lotus_video_7966.mp4,News program
/storage/haibn/yt8m/test_lotus/lotus_video_1737.mp4,Entertainment
/storage/haibn/yt8m/test_lotus/lotus_video_1633.mp4,News program
/storage/haibn/yt8m/test_lotus/lotus_video_7257.mp4,News program
/storage/haibn/yt8m/test_lotus/lotus_video_2635.mp4,News program
/storage/haibn/yt8m/test_lotus/lotus_video_1798.mp4,News program
/storage/haibn/yt8m/test_lotus/lotus_video_5376.mp4,News program
/storage/haibn/yt8m/test_lotus/lotus_video_214.mp4,News program
/storage/haibn/yt8m/test_lotus/lotus_video_8773.mp4,News program
/storage/haibn/yt8m/test_lotus/lotus_video_660.mp4,News program
/storage/haibn/yt8m/test_lotus/lotus_video_8289.mp4,News program
/storage/haibn/yt8m/test_lotus/lotus_video_8875.mp4,Entertainment
/storage/haibn/yt8m/test_lotus/lotus_video_7743.mp4,Entertainment
/storage/haibn/yt8m/test_lotus/lotus_video_6949.mp4,Entertainment
/storage/haibn/yt8m/test_lotus/lotus_video_4818.mp4,News program
/storage/haibn/yt8m/test_lotus/lotus_video_2633.mp4,Entertainment
/storage/haibn/yt8m/test_lotus/lotus_video_4396.mp4,News program
/storage/haibn/yt8m/test_lotus/lotus_video_4933.mp4,Entertainment
/storage/haibn/yt8m/test_lotus/lotus_video_3615.mp4,News program
/storage/haibn/yt8m/test_lotus/lotus_video_6334.mp4,Entertainment
/storage/haibn/yt8m/test_lotus/lotus_video_1826.mp4,Entertainment
/storage/haibn/yt8m/test_lotus/lotus_video_477.mp4,News program
/storage/haibn/yt8m/test_lotus/lotus_video_3114.mp4,News program
/storage/haibn/yt8m/test_lotus/lotus_video_6133.mp4,News program
/storage/haibn/yt8m/test_lotus/lotus_video_7538.mp4,Entertainment
/storage/haibn/yt8m/test_lotus/lotus_video_329.mp4,News program
/storage/haibn/yt8m/test_lotus/lotus_video_6879.mp4,News program
/storage/haibn/yt8m/test_lotus/lotus_video_6381.mp4,News program
/storage/haibn/yt8m/test_lotus/lotus_video_2238.mp4,News program
/storage/haibn/yt8m/test_lotus/lotus_video_3156.mp4,News program
/storage/haibn/yt8m/test_lotus/lotus_video_2439.mp4,News program
/storage/haibn/yt8m/test_lotus/lotus_video_7669.mp4,News program
/storage/haibn/yt8m/test_lotus/lotus_video_6249.mp4,News program
/storage/haibn/yt8m/test_lotus/lotus_video_7346.mp4,Entertainment
/storage/haibn/yt8m/test_lotus/lotus_video_7869.mp4,Entertainment
/storage/haibn/yt8m/test_lotus/lotus_video_8303.mp4,Entertainment
/storage/haibn/yt8m/test_lotus/lotus_video_8520.mp4,News program
/storage/haibn/yt8m/test_lotus/lotus_video_1088.mp4,News program
/storage/haibn/yt8m/test_lotus/lotus_video_4594.mp4,Entertainment
/storage/haibn/yt8m/test_lotus/lotus_video_7524.mp4,News program
/storage/haibn/yt8m/test_lotus/lotus_video_478.mp4,Entertainment
/storage/haibn/yt8m/test_lotus/lotus_video_872.mp4,News program
/storage/haibn/yt8m/test_lotus/lotus_video_5077.mp4,News program
/storage/haibn/yt8m/test_lotus/lotus_video_5355.mp4,News program
/storage/haibn/yt8m/test_lotus/lotus_video_1991.mp4,Entertainment
/storage/haibn/yt8m/test_lotus/lotus_video_5556.mp4,News program
/storage/haibn/yt8m/test_lotus/lotus_video_2620.mp4,News program
/storage/haibn/yt8m/test_lotus/lotus_video_6901.mp4,News program
/storage/haibn/yt8m/test_lotus/lotus_video_3881.mp4,News program
/storage/haibn/yt8m/test_lotus/lotus_video_8830.mp4,News program
/storage/haibn/yt8m/test_lotus/lotus_video_4069.mp4,News program
/storage/haibn/yt8m/test_lotus/lotus_video_1518.mp4,News program
/storage/haibn/yt8m/test_lotus/lotus_video_3914.mp4,News program
/storage/haibn/yt8m/test_lotus/lotus_video_1218.mp4,News program
/storage/haibn/yt8m/test_lotus/lotus_video_8327.mp4,News program
/storage/haibn/yt8m/test_lotus/lotus_video_2673.mp4,News program
/storage/haibn/yt8m/test_lotus/lotus_video_288.mp4,News program
/storage/haibn/yt8m/test_lotus/lotus_video_52.mp4,Entertainment
/storage/haibn/yt8m/test_lotus/lotus_video_5703.mp4,News program
/storage/haibn/yt8m/test_lotus/lotus_video_5168.mp4,News program
/storage/haibn/yt8m/test_lotus/lotus_video_6500.mp4,News program
/storage/haibn/yt8m/test_lotus/lotus_video_2603.mp4,Entertainment
/storage/haibn/yt8m/test_lotus/lotus_video_1129.mp4,News program
/storage/haibn/yt8m/test_lotus/lotus_video_107.mp4,News program
/storage/haibn/yt8m/test_lotus/lotus_video_4481.mp4,News program
/storage/haibn/yt8m/test_lotus/lotus_video_2512.mp4,News program
/storage/haibn/yt8m/test_lotus/lotus_video_4135.mp4,News program
/storage/haibn/yt8m/test_lotus/lotus_video_6396.mp4,News program
/storage/haibn/yt8m/test_lotus/lotus_video_7494.mp4,News program
/storage/haibn/yt8m/test_lotus/lotus_video_2923.mp4,News program
/storage/haibn/yt8m/test_lotus/lotus_video_3454.mp4,News program
/storage/haibn/yt8m/test_lotus/lotus_video_145.mp4,News program
/storage/haibn/yt8m/test_lotus/lotus_video_3050.mp4,Entertainment
/storage/haibn/yt8m/test_lotus/lotus_video_2528.mp4,News program
/storage/haibn/yt8m/test_lotus/lotus_video_1896.mp4,News program
/storage/haibn/yt8m/test_lotus/lotus_video_1618.mp4,News program
/storage/haibn/yt8m/test_lotus/lotus_video_4695.mp4,News program
/storage/haibn/yt8m/test_lotus/lotus_video_1243.mp4,News program
/storage/haibn/yt8m/test_lotus/lotus_video_3794.mp4,Entertainment
/storage/haibn/yt8m/test_lotus/lotus_video_8484.mp4,News program
/storage/haibn/yt8m/test_lotus/lotus_video_356.mp4,News program
/storage/haibn/yt8m/test_lotus/lotus_video_1831.mp4,News program
/storage/haibn/yt8m/test_lotus/lotus_video_8674.mp4,Entertainment
/storage/haibn/yt8m/test_lotus/lotus_video_5260.mp4,News program
/storage/haibn/yt8m/test_lotus/lotus_video_1930.mp4,News program
/storage/haibn/yt8m/test_lotus/lotus_video_3992.mp4,News program
/storage/haibn/yt8m/test_lotus/lotus_video_6170.mp4,Entertainment
/storage/haibn/yt8m/test_lotus/lotus_video_4128.mp4,News program
/storage/haibn/yt8m/test_lotus/lotus_video_5492.mp4,News program
/storage/haibn/yt8m/test_lotus/lotus_video_4683.mp4,News program
/storage/haibn/yt8m/test_lotus/lotus_video_3909.mp4,News program
/storage/haibn/yt8m/test_lotus/lotus_video_1335.mp4,News program
/storage/haibn/yt8m/test_lotus/lotus_video_7491.mp4,News program
/storage/haibn/yt8m/test_lotus/lotus_video_8168.mp4,News program
/storage/haibn/yt8m/test_lotus/lotus_video_8447.mp4,News program
/storage/haibn/yt8m/test_lotus/lotus_video_7776.mp4,News program
/storage/haibn/yt8m/test_lotus/lotus_video_3583.mp4,News program
/storage/haibn/yt8m/test_lotus/lotus_video_5810.mp4,Entertainment
/storage/haibn/yt8m/test_lotus/lotus_video_6684.mp4,Entertainment
/storage/haibn/yt8m/test_lotus/lotus_video_1838.mp4,News program
/storage/haibn/yt8m/test_lotus/lotus_video_5509.mp4,News program
/storage/haibn/yt8m/test_lotus/lotus_video_2192.mp4,News program
/storage/haibn/yt8m/test_lotus/lotus_video_777.mp4,News program
/storage/haibn/yt8m/test_lotus/lotus_video_6837.mp4,News program
/storage/haibn/yt8m/test_lotus/lotus_video_3540.mp4,News program
/storage/haibn/yt8m/test_lotus/lotus_video_5367.mp4,Entertainment
/storage/haibn/yt8m/test_lotus/lotus_video_4703.mp4,News program
/storage/haibn/yt8m/test_lotus/lotus_video_5888.mp4,News program
/storage/haibn/yt8m/test_lotus/lotus_video_2433.mp4,News program
/storage/haibn/yt8m/test_lotus/lotus_video_9000.mp4,News program
/storage/haibn/yt8m/test_lotus/lotus_video_8631.mp4,News program
/storage/haibn/yt8m/test_lotus/lotus_video_1407.mp4,News program
/storage/haibn/yt8m/test_lotus/lotus_video_7766.mp4,Entertainment
/storage/haibn/yt8m/test_lotus/lotus_video_3793.mp4,News program
/storage/haibn/yt8m/test_lotus/lotus_video_4081.mp4,News program
/storage/haibn/yt8m/test_lotus/lotus_video_7671.mp4,News program
/storage/haibn/yt8m/test_lotus/lotus_video_235.mp4,Entertainment
/storage/haibn/yt8m/test_lotus/lotus_video_3398.mp4,News program
/storage/haibn/yt8m/test_lotus/lotus_video_825.mp4,News program
/storage/haibn/yt8m/test_lotus/lotus_video_429.mp4,News program
/storage/haibn/yt8m/test_lotus/lotus_video_8208.mp4,Entertainment
/storage/haibn/yt8m/test_lotus/lotus_video_3150.mp4,News program
/storage/haibn/yt8m/test_lotus/lotus_video_4256.mp4,News program
/storage/haibn/yt8m/test_lotus/lotus_video_6070.mp4,Entertainment
/storage/haibn/yt8m/test_lotus/lotus_video_5557.mp4,News program
/storage/haibn/yt8m/test_lotus/lotus_video_9052.mp4,News program
/storage/haibn/yt8m/test_lotus/lotus_video_7486.mp4,News program
/storage/haibn/yt8m/test_lotus/lotus_video_1339.mp4,Entertainment
/storage/haibn/yt8m/test_lotus/lotus_video_1432.mp4,News program
/storage/haibn/yt8m/test_lotus/lotus_video_4667.mp4,Entertainment
/storage/haibn/yt8m/test_lotus/lotus_video_3012.mp4,News program
/storage/haibn/yt8m/test_lotus/lotus_video_4681.mp4,News program
/storage/haibn/yt8m/test_lotus/lotus_video_4490.mp4,News program
/storage/haibn/yt8m/test_lotus/lotus_video_1229.mp4,News program
/storage/haibn/yt8m/test_lotus/lotus_video_1895.mp4,News program
/storage/haibn/yt8m/test_lotus/lotus_video_898.mp4,News program
/storage/haibn/yt8m/test_lotus/lotus_video_1016.mp4,News program
/storage/haibn/yt8m/test_lotus/lotus_video_2086.mp4,News program
/storage/haibn/yt8m/test_lotus/lotus_video_747.mp4,News program
/storage/haibn/yt8m/test_lotus/lotus_video_3089.mp4,News program
/storage/haibn/yt8m/test_lotus/lotus_video_1309.mp4,News program
/storage/haibn/yt8m/test_lotus/lotus_video_225.mp4,News program
/storage/haibn/yt8m/test_lotus/lotus_video_29.mp4,News program
/storage/haibn/yt8m/test_lotus/lotus_video_5180.mp4,Entertainment
/storage/haibn/yt8m/test_lotus/lotus_video_5835.mp4,News program
/storage/haibn/yt8m/test_lotus/lotus_video_1336.mp4,News program
/storage/haibn/yt8m/test_lotus/lotus_video_7565.mp4,News program
/storage/haibn/yt8m/test_lotus/lotus_video_3573.mp4,News program
/storage/haibn/yt8m/test_lotus/lotus_video_5047.mp4,News program
/storage/haibn/yt8m/test_lotus/lotus_video_5416.mp4,News program
/storage/haibn/yt8m/test_lotus/lotus_video_852.mp4,Entertainment
/storage/haibn/yt8m/test_lotus/lotus_video_342.mp4,News program
/storage/haibn/yt8m/test_lotus/lotus_video_661.mp4,Entertainment
/storage/haibn/yt8m/test_lotus/lotus_video_1364.mp4,News program
/storage/haibn/yt8m/test_lotus/lotus_video_6632.mp4,News program
/storage/haibn/yt8m/test_lotus/lotus_video_8456.mp4,News program
/storage/haibn/yt8m/test_lotus/lotus_video_5396.mp4,News program
/storage/haibn/yt8m/test_lotus/lotus_video_4612.mp4,News program
/storage/haibn/yt8m/test_lotus/lotus_video_5227.mp4,Entertainment
/storage/haibn/yt8m/test_lotus/lotus_video_3999.mp4,News program
/storage/haibn/yt8m/test_lotus/lotus_video_2970.mp4,News program
/storage/haibn/yt8m/test_lotus/lotus_video_301.mp4,Entertainment
/storage/haibn/yt8m/test_lotus/lotus_video_8260.mp4,News program
/storage/haibn/yt8m/test_lotus/lotus_video_2891.mp4,Entertainment
/storage/haibn/yt8m/test_lotus/lotus_video_5185.mp4,News program
/storage/haibn/yt8m/test_lotus/lotus_video_5584.mp4,News program
/storage/haibn/yt8m/test_lotus/lotus_video_8804.mp4,News program
/storage/haibn/yt8m/test_lotus/lotus_video_899.mp4,News program
/storage/haibn/yt8m/test_lotus/lotus_video_3579.mp4,News program
/storage/haibn/yt8m/test_lotus/lotus_video_7048.mp4,Entertainment
/storage/haibn/yt8m/test_lotus/lotus_video_7986.mp4,News program
/storage/haibn/yt8m/test_lotus/lotus_video_3140.mp4,News program
/storage/haibn/yt8m/test_lotus/lotus_video_3339.mp4,News program
/storage/haibn/yt8m/test_lotus/lotus_video_5221.mp4,News program
/storage/haibn/yt8m/test_lotus/lotus_video_2831.mp4,Entertainment
/storage/haibn/yt8m/test_lotus/lotus_video_226.mp4,News program
/storage/haibn/yt8m/test_lotus/lotus_video_4642.mp4,News program
/storage/haibn/yt8m/test_lotus/lotus_video_6040.mp4,News program
/storage/haibn/yt8m/test_lotus/lotus_video_8751.mp4,Entertainment
/storage/haibn/yt8m/test_lotus/lotus_video_8551.mp4,News program
/storage/haibn/yt8m/test_lotus/lotus_video_6714.mp4,News program
/storage/haibn/yt8m/test_lotus/lotus_video_8490.mp4,Entertainment
/storage/haibn/yt8m/test_lotus/lotus_video_6401.mp4,News program
/storage/haibn/yt8m/test_lotus/lotus_video_5448.mp4,Entertainment
/storage/haibn/yt8m/test_lotus/lotus_video_8906.mp4,News program
/storage/haibn/yt8m/test_lotus/lotus_video_3409.mp4,Entertainment
/storage/haibn/yt8m/test_lotus/lotus_video_7618.mp4,News program
/storage/haibn/yt8m/test_lotus/lotus_video_1206.mp4,News program
/storage/haibn/yt8m/test_lotus/lotus_video_5425.mp4,News program
/storage/haibn/yt8m/test_lotus/lotus_video_5186.mp4,Entertainment
/storage/haibn/yt8m/test_lotus/lotus_video_7194.mp4,Entertainment
/storage/haibn/yt8m/test_lotus/lotus_video_7138.mp4,Entertainment
/storage/haibn/yt8m/test_lotus/lotus_video_7859.mp4,News program
/storage/haibn/yt8m/test_lotus/lotus_video_835.mp4,News program
/storage/haibn/yt8m/test_lotus/lotus_video_7278.mp4,News program
/storage/haibn/yt8m/test_lotus/lotus_video_506.mp4,News program
/storage/haibn/yt8m/test_lotus/lotus_video_718.mp4,News program
/storage/haibn/yt8m/test_lotus/lotus_video_4743.mp4,News program
/storage/haibn/yt8m/test_lotus/lotus_video_5435.mp4,News program
/storage/haibn/yt8m/test_lotus/lotus_video_2425.mp4,Entertainment
/storage/haibn/yt8m/test_lotus/lotus_video_6034.mp4,News program
/storage/haibn/yt8m/test_lotus/lotus_video_99.mp4,News program
/storage/haibn/yt8m/test_lotus/lotus_video_4804.mp4,News program
/storage/haibn/yt8m/test_lotus/lotus_video_3110.mp4,News program
/storage/haibn/yt8m/test_lotus/lotus_video_5390.mp4,Entertainment
/storage/haibn/yt8m/test_lotus/lotus_video_8299.mp4,Entertainment
/storage/haibn/yt8m/test_lotus/lotus_video_4451.mp4,News program
/storage/haibn/yt8m/test_lotus/lotus_video_8905.mp4,News program
/storage/haibn/yt8m/test_lotus/lotus_video_6888.mp4,News program
/storage/haibn/yt8m/test_lotus/lotus_video_219.mp4,Entertainment
/storage/haibn/yt8m/test_lotus/lotus_video_5893.mp4,Entertainment
/storage/haibn/yt8m/test_lotus/lotus_video_8623.mp4,News program
/storage/haibn/yt8m/test_lotus/lotus_video_1804.mp4,News program
/storage/haibn/yt8m/test_lotus/lotus_video_7487.mp4,News program
/storage/haibn/yt8m/test_lotus/lotus_video_4319.mp4,News program
/storage/haibn/yt8m/test_lotus/lotus_video_4602.mp4,News program
/storage/haibn/yt8m/test_lotus/lotus_video_1142.mp4,Entertainment
/storage/haibn/yt8m/test_lotus/lotus_video_8932.mp4,News program
/storage/haibn/yt8m/test_lotus/lotus_video_9108.mp4,Entertainment
/storage/haibn/yt8m/test_lotus/lotus_video_758.mp4,News program
/storage/haibn/yt8m/test_lotus/lotus_video_4536.mp4,News program
/storage/haibn/yt8m/test_lotus/lotus_video_2554.mp4,News program
/storage/haibn/yt8m/test_lotus/lotus_video_6869.mp4,News program
/storage/haibn/yt8m/test_lotus/lotus_video_2498.mp4,Entertainment
/storage/haibn/yt8m/test_lotus/lotus_video_4909.mp4,News program
/storage/haibn/yt8m/test_lotus/lotus_video_1601.mp4,News program
/storage/haibn/yt8m/test_lotus/lotus_video_4332.mp4,News program
/storage/haibn/yt8m/test_lotus/lotus_video_3463.mp4,News program
/storage/haibn/yt8m/test_lotus/lotus_video_314.mp4,News program
/storage/haibn/yt8m/test_lotus/lotus_video_7110.mp4,News program
/storage/haibn/yt8m/test_lotus/lotus_video_3216.mp4,News program
/storage/haibn/yt8m/test_lotus/lotus_video_8166.mp4,Entertainment
/storage/haibn/yt8m/test_lotus/lotus_video_2569.mp4,News program
/storage/haibn/yt8m/test_lotus/lotus_video_3457.mp4,News program
/storage/haibn/yt8m/test_lotus/lotus_video_7493.mp4,News program
/storage/haibn/yt8m/test_lotus/lotus_video_4254.mp4,News program
/storage/haibn/yt8m/test_lotus/lotus_video_4146.mp4,News program
/storage/haibn/yt8m/test_lotus/lotus_video_7865.mp4,News program
/storage/haibn/yt8m/test_lotus/lotus_video_9079.mp4,News program
/storage/haibn/yt8m/test_lotus/lotus_video_4136.mp4,News program
/storage/haibn/yt8m/test_lotus/lotus_video_1678.mp4,News program
/storage/haibn/yt8m/test_lotus/lotus_video_5544.mp4,News program
/storage/haibn/yt8m/test_lotus/lotus_video_4595.mp4,News program
/storage/haibn/yt8m/test_lotus/lotus_video_980.mp4,News program
/storage/haibn/yt8m/test_lotus/lotus_video_6964.mp4,News program
/storage/haibn/yt8m/test_lotus/lotus_video_8481.mp4,News program
/storage/haibn/yt8m/test_lotus/lotus_video_7015.mp4,Entertainment
/storage/haibn/yt8m/test_lotus/lotus_video_553.mp4,News program
/storage/haibn/yt8m/test_lotus/lotus_video_6208.mp4,News program
/storage/haibn/yt8m/test_lotus/lotus_video_7918.mp4,News program
/storage/haibn/yt8m/test_lotus/lotus_video_3435.mp4,News program
/storage/haibn/yt8m/test_lotus/lotus_video_843.mp4,Entertainment
/storage/haibn/yt8m/test_lotus/lotus_video_7109.mp4,News program
/storage/haibn/yt8m/test_lotus/lotus_video_7591.mp4,News program
/storage/haibn/yt8m/test_lotus/lotus_video_2723.mp4,News program
/storage/haibn/yt8m/test_lotus/lotus_video_3127.mp4,News program
/storage/haibn/yt8m/test_lotus/lotus_video_1209.mp4,News program
/storage/haibn/yt8m/test_lotus/lotus_video_4092.mp4,News program
/storage/haibn/yt8m/test_lotus/lotus_video_2927.mp4,Entertainment
/storage/haibn/yt8m/test_lotus/lotus_video_4664.mp4,Entertainment
/storage/haibn/yt8m/test_lotus/lotus_video_359.mp4,Entertainment
/storage/haibn/yt8m/test_lotus/lotus_video_3749.mp4,News program
/storage/haibn/yt8m/test_lotus/lotus_video_8907.mp4,News program
/storage/haibn/yt8m/test_lotus/lotus_video_919.mp4,News program
/storage/haibn/yt8m/test_lotus/lotus_video_3320.mp4,News program
/storage/haibn/yt8m/test_lotus/lotus_video_5857.mp4,News program
/storage/haibn/yt8m/test_lotus/lotus_video_4807.mp4,News program
/storage/haibn/yt8m/test_lotus/lotus_video_7118.mp4,News program
/storage/haibn/yt8m/test_lotus/lotus_video_2640.mp4,News program
/storage/haibn/yt8m/test_lotus/lotus_video_7122.mp4,News program
/storage/haibn/yt8m/test_lotus/lotus_video_2141.mp4,News program
/storage/haibn/yt8m/test_lotus/lotus_video_5201.mp4,Entertainment
/storage/haibn/yt8m/test_lotus/lotus_video_6750.mp4,News program
/storage/haibn/yt8m/test_lotus/lotus_video_5151.mp4,News program
/storage/haibn/yt8m/test_lotus/lotus_video_2460.mp4,News program
/storage/haibn/yt8m/test_lotus/lotus_video_4454.mp4,News program
/storage/haibn/yt8m/test_lotus/lotus_video_4566.mp4,Entertainment
/storage/haibn/yt8m/test_lotus/lotus_video_1433.mp4,Entertainment
/storage/haibn/yt8m/test_lotus/lotus_video_5976.mp4,News program
/storage/haibn/yt8m/test_lotus/lotus_video_5112.mp4,Entertainment
/storage/haibn/yt8m/test_lotus/lotus_video_5805.mp4,Entertainment
/storage/haibn/yt8m/test_lotus/lotus_video_3282.mp4,News program
/storage/haibn/yt8m/test_lotus/lotus_video_8984.mp4,News program
/storage/haibn/yt8m/test_lotus/lotus_video_2622.mp4,News program
/storage/haibn/yt8m/test_lotus/lotus_video_2684.mp4,News program
/storage/haibn/yt8m/test_lotus/lotus_video_2709.mp4,News program
/storage/haibn/yt8m/test_lotus/lotus_video_3563.mp4,News program
/storage/haibn/yt8m/test_lotus/lotus_video_4340.mp4,Entertainment
/storage/haibn/yt8m/test_lotus/lotus_video_6640.mp4,Entertainment
/storage/haibn/yt8m/test_lotus/lotus_video_6261.mp4,News program
/storage/haibn/yt8m/test_lotus/lotus_video_3102.mp4,Entertainment
/storage/haibn/yt8m/test_lotus/lotus_video_935.mp4,News program
/storage/haibn/yt8m/test_lotus/lotus_video_2347.mp4,News program
/storage/haibn/yt8m/test_lotus/lotus_video_2258.mp4,Entertainment
/storage/haibn/yt8m/test_lotus/lotus_video_8370.mp4,News program
/storage/haibn/yt8m/test_lotus/lotus_video_6054.mp4,News program
/storage/haibn/yt8m/test_lotus/lotus_video_1070.mp4,News program
/storage/haibn/yt8m/test_lotus/lotus_video_5581.mp4,News program
/storage/haibn/yt8m/test_lotus/lotus_video_2897.mp4,News program
/storage/haibn/yt8m/test_lotus/lotus_video_692.mp4,News program
/storage/haibn/yt8m/test_lotus/lotus_video_1721.mp4,News program
/storage/haibn/yt8m/test_lotus/lotus_video_5312.mp4,News program
/storage/haibn/yt8m/test_lotus/lotus_video_7259.mp4,News program
/storage/haibn/yt8m/test_lotus/lotus_video_7144.mp4,News program
/storage/haibn/yt8m/test_lotus/lotus_video_4467.mp4,News program
/storage/haibn/yt8m/test_lotus/lotus_video_4109.mp4,News program
/storage/haibn/yt8m/test_lotus/lotus_video_2243.mp4,News program
/storage/haibn/yt8m/test_lotus/lotus_video_373.mp4,News program
/storage/haibn/yt8m/test_lotus/lotus_video_7874.mp4,News program
/storage/haibn/yt8m/test_lotus/lotus_video_1037.mp4,News program
/storage/haibn/yt8m/test_lotus/lotus_video_8449.mp4,News program
/storage/haibn/yt8m/test_lotus/lotus_video_3091.mp4,News program
/storage/haibn/yt8m/test_lotus/lotus_video_1017.mp4,News program
/storage/haibn/yt8m/test_lotus/lotus_video_7126.mp4,News program
/storage/haibn/yt8m/test_lotus/lotus_video_1660.mp4,News program
/storage/haibn/yt8m/test_lotus/lotus_video_1355.mp4,Entertainment
/storage/haibn/yt8m/test_lotus/lotus_video_5358.mp4,News program
/storage/haibn/yt8m/test_lotus/lotus_video_1899.mp4,News program
/storage/haibn/yt8m/test_lotus/lotus_video_4569.mp4,News program
/storage/haibn/yt8m/test_lotus/lotus_video_1196.mp4,News program
/storage/haibn/yt8m/test_lotus/lotus_video_4362.mp4,News program
/storage/haibn/yt8m/test_lotus/lotus_video_3080.mp4,News program
/storage/haibn/yt8m/test_lotus/lotus_video_5925.mp4,News program
/storage/haibn/yt8m/test_lotus/lotus_video_5960.mp4,News program
/storage/haibn/yt8m/test_lotus/lotus_video_3182.mp4,News program
/storage/haibn/yt8m/test_lotus/lotus_video_6809.mp4,News program
/storage/haibn/yt8m/test_lotus/lotus_video_5094.mp4,News program
/storage/haibn/yt8m/test_lotus/lotus_video_1460.mp4,News program
/storage/haibn/yt8m/test_lotus/lotus_video_2133.mp4,News program
/storage/haibn/yt8m/test_lotus/lotus_video_3505.mp4,News program
/storage/haibn/yt8m/test_lotus/lotus_video_4619.mp4,News program
/storage/haibn/yt8m/test_lotus/lotus_video_2755.mp4,News program
/storage/haibn/yt8m/test_lotus/lotus_video_102.mp4,Entertainment
/storage/haibn/yt8m/test_lotus/lotus_video_7870.mp4,Entertainment
/storage/haibn/yt8m/test_lotus/lotus_video_7073.mp4,News program
/storage/haibn/yt8m/test_lotus/lotus_video_233.mp4,News program
/storage/haibn/yt8m/test_lotus/lotus_video_1998.mp4,Entertainment
/storage/haibn/yt8m/test_lotus/lotus_video_3378.mp4,News program
/storage/haibn/yt8m/test_lotus/lotus_video_4606.mp4,News program
/storage/haibn/yt8m/test_lotus/lotus_video_8944.mp4,News program
/storage/haibn/yt8m/test_lotus/lotus_video_6486.mp4,News program
/storage/haibn/yt8m/test_lotus/lotus_video_7706.mp4,News program
/storage/haibn/yt8m/test_lotus/lotus_video_5311.mp4,News program
/storage/haibn/yt8m/test_lotus/lotus_video_4896.mp4,News program
/storage/haibn/yt8m/test_lotus/lotus_video_7497.mp4,Entertainment
/storage/haibn/yt8m/test_lotus/lotus_video_4270.mp4,Entertainment
/storage/haibn/yt8m/test_lotus/lotus_video_3723.mp4,News program
/storage/haibn/yt8m/test_lotus/lotus_video_2186.mp4,News program
/storage/haibn/yt8m/test_lotus/lotus_video_3009.mp4,News program
/storage/haibn/yt8m/test_lotus/lotus_video_2467.mp4,News program
/storage/haibn/yt8m/test_lotus/lotus_video_2739.mp4,News program
/storage/haibn/yt8m/test_lotus/lotus_video_6237.mp4,News program
/storage/haibn/yt8m/test_lotus/lotus_video_3294.mp4,News program
/storage/haibn/yt8m/test_lotus/lotus_video_7271.mp4,News program
/storage/haibn/yt8m/test_lotus/lotus_video_5985.mp4,News program
/storage/haibn/yt8m/test_lotus/lotus_video_3450.mp4,News program
/storage/haibn/yt8m/test_lotus/lotus_video_936.mp4,News program
/storage/haibn/yt8m/test_lotus/lotus_video_1211.mp4,News program
/storage/haibn/yt8m/test_lotus/lotus_video_6548.mp4,News program
/storage/haibn/yt8m/test_lotus/lotus_video_2599.mp4,News program
/storage/haibn/yt8m/test_lotus/lotus_video_8468.mp4,News program
/storage/haibn/yt8m/test_lotus/lotus_video_8701.mp4,News program
/storage/haibn/yt8m/test_lotus/lotus_video_3690.mp4,Entertainment
/storage/haibn/yt8m/test_lotus/lotus_video_1338.mp4,News program
/storage/haibn/yt8m/test_lotus/lotus_video_4605.mp4,News program
/storage/haibn/yt8m/test_lotus/lotus_video_346.mp4,Entertainment
/storage/haibn/yt8m/test_lotus/lotus_video_4631.mp4,News program
/storage/haibn/yt8m/test_lotus/lotus_video_6628.mp4,News program
/storage/haibn/yt8m/test_lotus/lotus_video_5009.mp4,News program
/storage/haibn/yt8m/test_lotus/lotus_video_1931.mp4,Entertainment
/storage/haibn/yt8m/test_lotus/lotus_video_542.mp4,News program
/storage/haibn/yt8m/test_lotus/lotus_video_3682.mp4,News program
/storage/haibn/yt8m/test_lotus/lotus_video_629.mp4,News program
/storage/haibn/yt8m/test_lotus/lotus_video_1800.mp4,News program
/storage/haibn/yt8m/test_lotus/lotus_video_354.mp4,News program
/storage/haibn/yt8m/test_lotus/lotus_video_1185.mp4,Entertainment
/storage/haibn/yt8m/test_lotus/lotus_video_5175.mp4,News program
/storage/haibn/yt8m/test_lotus/lotus_video_4314.mp4,Entertainment
/storage/haibn/yt8m/test_lotus/lotus_video_6348.mp4,Entertainment
/storage/haibn/yt8m/test_lotus/lotus_video_7825.mp4,Entertainment
/storage/haibn/yt8m/test_lotus/lotus_video_7399.mp4,News program
/storage/haibn/yt8m/test_lotus/lotus_video_8908.mp4,News program
/storage/haibn/yt8m/test_lotus/lotus_video_8069.mp4,News program
/storage/haibn/yt8m/test_lotus/lotus_video_623.mp4,Entertainment
/storage/haibn/yt8m/test_lotus/lotus_video_2710.mp4,News program
/storage/haibn/yt8m/test_lotus/lotus_video_4544.mp4,Entertainment
/storage/haibn/yt8m/test_lotus/lotus_video_6365.mp4,News program
/storage/haibn/yt8m/test_lotus/lotus_video_8977.mp4,Entertainment
/storage/haibn/yt8m/test_lotus/lotus_video_4720.mp4,News program
/storage/haibn/yt8m/test_lotus/lotus_video_3066.mp4,News program
/storage/haibn/yt8m/test_lotus/lotus_video_768.mp4,Entertainment
/storage/haibn/yt8m/test_lotus/lotus_video_6465.mp4,News program
/storage/haibn/yt8m/test_lotus/lotus_video_7265.mp4,News program
/storage/haibn/yt8m/test_lotus/lotus_video_4333.mp4,News program
/storage/haibn/yt8m/test_lotus/lotus_video_1818.mp4,News program
/storage/haibn/yt8m/test_lotus/lotus_video_2469.mp4,News program
/storage/haibn/yt8m/test_lotus/lotus_video_6399.mp4,News program
/storage/haibn/yt8m/test_lotus/lotus_video_4659.mp4,Entertainment
/storage/haibn/yt8m/test_lotus/lotus_video_7757.mp4,News program
/storage/haibn/yt8m/test_lotus/lotus_video_5756.mp4,News program
/storage/haibn/yt8m/test_lotus/lotus_video_5251.mp4,News program
/storage/haibn/yt8m/test_lotus/lotus_video_3380.mp4,Entertainment
/storage/haibn/yt8m/test_lotus/lotus_video_5010.mp4,News program
/storage/haibn/yt8m/test_lotus/lotus_video_7695.mp4,News program
/storage/haibn/yt8m/test_lotus/lotus_video_2908.mp4,News program
/storage/haibn/yt8m/test_lotus/lotus_video_6199.mp4,News program
/storage/haibn/yt8m/test_lotus/lotus_video_5610.mp4,News program
/storage/haibn/yt8m/test_lotus/lotus_video_584.mp4,News program
/storage/haibn/yt8m/test_lotus/lotus_video_6932.mp4,Entertainment
/storage/haibn/yt8m/test_lotus/lotus_video_4032.mp4,News program
/storage/haibn/yt8m/test_lotus/lotus_video_3233.mp4,Entertainment
/storage/haibn/yt8m/test_lotus/lotus_video_188.mp4,News program
/storage/haibn/yt8m/test_lotus/lotus_video_5141.mp4,News program
/storage/haibn/yt8m/test_lotus/lotus_video_5357.mp4,News program
/storage/haibn/yt8m/test_lotus/lotus_video_5735.mp4,Entertainment
/storage/haibn/yt8m/test_lotus/lotus_video_8156.mp4,News program
/storage/haibn/yt8m/test_lotus/lotus_video_6012.mp4,News program
/storage/haibn/yt8m/test_lotus/lotus_video_2624.mp4,Entertainment
/storage/haibn/yt8m/test_lotus/lotus_video_2154.mp4,News program
/storage/haibn/yt8m/test_lotus/lotus_video_5838.mp4,News program
/storage/haibn/yt8m/test_lotus/lotus_video_8312.mp4,News program
/storage/haibn/yt8m/test_lotus/lotus_video_3571.mp4,News program
/storage/haibn/yt8m/test_lotus/lotus_video_6614.mp4,News program
/storage/haibn/yt8m/test_lotus/lotus_video_4178.mp4,News program
/storage/haibn/yt8m/test_lotus/lotus_video_4237.mp4,Entertainment
/storage/haibn/yt8m/test_lotus/lotus_video_7355.mp4,News program
/storage/haibn/yt8m/test_lotus/lotus_video_3402.mp4,News program
/storage/haibn/yt8m/test_lotus/lotus_video_4811.mp4,News program
/storage/haibn/yt8m/test_lotus/lotus_video_4571.mp4,News program
/storage/haibn/yt8m/test_lotus/lotus_video_6937.mp4,News program
/storage/haibn/yt8m/test_lotus/lotus_video_7575.mp4,News program
/storage/haibn/yt8m/test_lotus/lotus_video_1616.mp4,News program
/storage/haibn/yt8m/test_lotus/lotus_video_5875.mp4,News program
/storage/haibn/yt8m/test_lotus/lotus_video_1272.mp4,News program
/storage/haibn/yt8m/test_lotus/lotus_video_3932.mp4,News program
/storage/haibn/yt8m/test_lotus/lotus_video_2436.mp4,News program
/storage/haibn/yt8m/test_lotus/lotus_video_2448.mp4,News program
/storage/haibn/yt8m/test_lotus/lotus_video_1885.mp4,News program
/storage/haibn/yt8m/test_lotus/lotus_video_6738.mp4,News program
/storage/haibn/yt8m/test_lotus/lotus_video_2565.mp4,News program
/storage/haibn/yt8m/test_lotus/lotus_video_8280.mp4,News program
/storage/haibn/yt8m/test_lotus/lotus_video_8812.mp4,News program
/storage/haibn/yt8m/test_lotus/lotus_video_2157.mp4,News program
/storage/haibn/yt8m/test_lotus/lotus_video_5277.mp4,News program
/storage/haibn/yt8m/test_lotus/lotus_video_8712.mp4,News program
/storage/haibn/yt8m/test_lotus/lotus_video_375.mp4,News program
/storage/haibn/yt8m/test_lotus/lotus_video_4157.mp4,News program
/storage/haibn/yt8m/test_lotus/lotus_video_8522.mp4,News program
/storage/haibn/yt8m/test_lotus/lotus_video_7832.mp4,News program
/storage/haibn/yt8m/test_lotus/lotus_video_1500.mp4,News program
/storage/haibn/yt8m/test_lotus/lotus_video_1395.mp4,Entertainment
/storage/haibn/yt8m/test_lotus/lotus_video_1381.mp4,Entertainment
/storage/haibn/yt8m/test_lotus/lotus_video_1745.mp4,News program
/storage/haibn/yt8m/test_lotus/lotus_video_4514.mp4,News program
/storage/haibn/yt8m/test_lotus/lotus_video_4330.mp4,News program
/storage/haibn/yt8m/test_lotus/lotus_video_1656.mp4,News program
/storage/haibn/yt8m/test_lotus/lotus_video_6962.mp4,Entertainment
/storage/haibn/yt8m/test_lotus/lotus_video_4700.mp4,News program
/storage/haibn/yt8m/test_lotus/lotus_video_5163.mp4,News program
/storage/haibn/yt8m/test_lotus/lotus_video_7901.mp4,News program
/storage/haibn/yt8m/test_lotus/lotus_video_771.mp4,News program
/storage/haibn/yt8m/test_lotus/lotus_video_2728.mp4,News program
/storage/haibn/yt8m/test_lotus/lotus_video_6725.mp4,News program
/storage/haibn/yt8m/test_lotus/lotus_video_9047.mp4,News program
/storage/haibn/yt8m/test_lotus/lotus_video_5665.mp4,Entertainment
/storage/haibn/yt8m/test_lotus/lotus_video_5903.mp4,News program
/storage/haibn/yt8m/test_lotus/lotus_video_3661.mp4,Entertainment
/storage/haibn/yt8m/test_lotus/lotus_video_8879.mp4,News program
/storage/haibn/yt8m/test_lotus/lotus_video_5591.mp4,News program
/storage/haibn/yt8m/test_lotus/lotus_video_3780.mp4,Entertainment
/storage/haibn/yt8m/test_lotus/lotus_video_5564.mp4,News program
/storage/haibn/yt8m/test_lotus/lotus_video_8081.mp4,Entertainment
/storage/haibn/yt8m/test_lotus/lotus_video_5460.mp4,News program
/storage/haibn/yt8m/test_lotus/lotus_video_3406.mp4,News program
/storage/haibn/yt8m/test_lotus/lotus_video_5415.mp4,Entertainment
/storage/haibn/yt8m/test_lotus/lotus_video_7995.mp4,News program
/storage/haibn/yt8m/test_lotus/lotus_video_4940.mp4,News program
/storage/haibn/yt8m/test_lotus/lotus_video_6489.mp4,Entertainment
/storage/haibn/yt8m/test_lotus/lotus_video_7368.mp4,News program
/storage/haibn/yt8m/test_lotus/lotus_video_2786.mp4,News program
/storage/haibn/yt8m/test_lotus/lotus_video_7513.mp4,Entertainment
/storage/haibn/yt8m/test_lotus/lotus_video_6181.mp4,News program
/storage/haibn/yt8m/test_lotus/lotus_video_4473.mp4,Entertainment
/storage/haibn/yt8m/test_lotus/lotus_video_5633.mp4,Entertainment
/storage/haibn/yt8m/test_lotus/lotus_video_4651.mp4,News program
/storage/haibn/yt8m/test_lotus/lotus_video_2541.mp4,News program
/storage/haibn/yt8m/test_lotus/lotus_video_8244.mp4,Entertainment
/storage/haibn/yt8m/test_lotus/lotus_video_998.mp4,Entertainment
/storage/haibn/yt8m/test_lotus/lotus_video_146.mp4,News program
/storage/haibn/yt8m/test_lotus/lotus_video_3258.mp4,Entertainment
/storage/haibn/yt8m/test_lotus/lotus_video_3948.mp4,Entertainment
/storage/haibn/yt8m/test_lotus/lotus_video_2604.mp4,News program
/storage/haibn/yt8m/test_lotus/lotus_video_3737.mp4,News program
/storage/haibn/yt8m/test_lotus/lotus_video_956.mp4,News program
/storage/haibn/yt8m/test_lotus/lotus_video_7094.mp4,News program
/storage/haibn/yt8m/test_lotus/lotus_video_6961.mp4,News program
/storage/haibn/yt8m/test_lotus/lotus_video_2214.mp4,Entertainment
/storage/haibn/yt8m/test_lotus/lotus_video_8105.mp4,Entertainment
/storage/haibn/yt8m/test_lotus/lotus_video_6560.mp4,Entertainment
/storage/haibn/yt8m/test_lotus/lotus_video_560.mp4,News program
/storage/haibn/yt8m/test_lotus/lotus_video_7704.mp4,News program
/storage/haibn/yt8m/test_lotus/lotus_video_7826.mp4,News program
/storage/haibn/yt8m/test_lotus/lotus_video_4052.mp4,Entertainment
/storage/haibn/yt8m/test_lotus/lotus_video_1622.mp4,News program
/storage/haibn/yt8m/test_lotus/lotus_video_7919.mp4,Entertainment
/storage/haibn/yt8m/test_lotus/lotus_video_1253.mp4,News program
/storage/haibn/yt8m/test_lotus/lotus_video_5551.mp4,News program
/storage/haibn/yt8m/test_lotus/lotus_video_1806.mp4,News program
/storage/haibn/yt8m/test_lotus/lotus_video_7721.mp4,News program
/storage/haibn/yt8m/test_lotus/lotus_video_2730.mp4,News program
/storage/haibn/yt8m/test_lotus/lotus_video_4731.mp4,News program
/storage/haibn/yt8m/test_lotus/lotus_video_3525.mp4,News program
/storage/haibn/yt8m/test_lotus/lotus_video_6255.mp4,News program
/storage/haibn/yt8m/test_lotus/lotus_video_7806.mp4,News program
/storage/haibn/yt8m/test_lotus/lotus_video_7266.mp4,News program
/storage/haibn/yt8m/test_lotus/lotus_video_5589.mp4,Entertainment
/storage/haibn/yt8m/test_lotus/lotus_video_6219.mp4,News program
/storage/haibn/yt8m/test_lotus/lotus_video_3991.mp4,News program
/storage/haibn/yt8m/test_lotus/lotus_video_95.mp4,News program
/storage/haibn/yt8m/test_lotus/lotus_video_3225.mp4,News program
/storage/haibn/yt8m/test_lotus/lotus_video_4749.mp4,Entertainment
/storage/haibn/yt8m/test_lotus/lotus_video_4617.mp4,News program
/storage/haibn/yt8m/test_lotus/lotus_video_8368.mp4,News program
/storage/haibn/yt8m/test_lotus/lotus_video_917.mp4,News program
/storage/haibn/yt8m/test_lotus/lotus_video_3030.mp4,News program
/storage/haibn/yt8m/test_lotus/lotus_video_3503.mp4,News program
/storage/haibn/yt8m/test_lotus/lotus_video_7099.mp4,News program
/storage/haibn/yt8m/test_lotus/lotus_video_1262.mp4,News program
/storage/haibn/yt8m/test_lotus/lotus_video_1064.mp4,News program
/storage/haibn/yt8m/test_lotus/lotus_video_1733.mp4,News program
/storage/haibn/yt8m/test_lotus/lotus_video_1704.mp4,News program
/storage/haibn/yt8m/test_lotus/lotus_video_5315.mp4,News program
/storage/haibn/yt8m/test_lotus/lotus_video_807.mp4,News program
/storage/haibn/yt8m/test_lotus/lotus_video_3721.mp4,Entertainment
/storage/haibn/yt8m/test_lotus/lotus_video_4272.mp4,News program
/storage/haibn/yt8m/test_lotus/lotus_video_2762.mp4,News program
/storage/haibn/yt8m/test_lotus/lotus_video_2207.mp4,Entertainment
/storage/haibn/yt8m/test_lotus/lotus_video_8625.mp4,News program
/storage/haibn/yt8m/test_lotus/lotus_video_8883.mp4,Entertainment
/storage/haibn/yt8m/test_lotus/lotus_video_113.mp4,News program
/storage/haibn/yt8m/test_lotus/lotus_video_2965.mp4,News program
/storage/haibn/yt8m/test_lotus/lotus_video_8936.mp4,Entertainment
/storage/haibn/yt8m/test_lotus/lotus_video_5982.mp4,News program
/storage/haibn/yt8m/test_lotus/lotus_video_5694.mp4,News program
/storage/haibn/yt8m/test_lotus/lotus_video_999.mp4,News program
/storage/haibn/yt8m/test_lotus/lotus_video_6067.mp4,News program
/storage/haibn/yt8m/test_lotus/lotus_video_3658.mp4,News program
/storage/haibn/yt8m/test_lotus/lotus_video_3657.mp4,Entertainment
/storage/haibn/yt8m/test_lotus/lotus_video_4073.mp4,News program
/storage/haibn/yt8m/test_lotus/lotus_video_5948.mp4,Entertainment
/storage/haibn/yt8m/test_lotus/lotus_video_8972.mp4,News program
/storage/haibn/yt8m/test_lotus/lotus_video_4715.mp4,Entertainment
/storage/haibn/yt8m/test_lotus/lotus_video_6016.mp4,News program
/storage/haibn/yt8m/test_lotus/lotus_video_2408.mp4,Entertainment
/storage/haibn/yt8m/test_lotus/lotus_video_1580.mp4,News program
/storage/haibn/yt8m/test_lotus/lotus_video_1113.mp4,Entertainment
/storage/haibn/yt8m/test_lotus/lotus_video_3728.mp4,News program
/storage/haibn/yt8m/test_lotus/lotus_video_3903.mp4,News program
/storage/haibn/yt8m/test_lotus/lotus_video_8114.mp4,Entertainment
/storage/haibn/yt8m/test_lotus/lotus_video_8017.mp4,News program
/storage/haibn/yt8m/test_lotus/lotus_video_8805.mp4,Entertainment
/storage/haibn/yt8m/test_lotus/lotus_video_4265.mp4,Entertainment
/storage/haibn/yt8m/test_lotus/lotus_video_7699.mp4,News program
/storage/haibn/yt8m/test_lotus/lotus_video_3511.mp4,Entertainment
/storage/haibn/yt8m/test_lotus/lotus_video_6528.mp4,News program
/storage/haibn/yt8m/test_lotus/lotus_video_5101.mp4,Entertainment
/storage/haibn/yt8m/test_lotus/lotus_video_4478.mp4,News program
/storage/haibn/yt8m/test_lotus/lotus_video_5955.mp4,News program
/storage/haibn/yt8m/test_lotus/lotus_video_8528.mp4,Entertainment
/storage/haibn/yt8m/test_lotus/lotus_video_5359.mp4,News program
/storage/haibn/yt8m/test_lotus/lotus_video_4891.mp4,News program
/storage/haibn/yt8m/test_lotus/lotus_video_1797.mp4,Entertainment
/storage/haibn/yt8m/test_lotus/lotus_video_7570.mp4,News program
/storage/haibn/yt8m/test_lotus/lotus_video_3090.mp4,News program
/storage/haibn/yt8m/test_lotus/lotus_video_4466.mp4,News program
/storage/haibn/yt8m/test_lotus/lotus_video_8151.mp4,Entertainment
/storage/haibn/yt8m/test_lotus/lotus_video_8588.mp4,Entertainment
/storage/haibn/yt8m/test_lotus/lotus_video_112.mp4,News program
/storage/haibn/yt8m/test_lotus/lotus_video_5474.mp4,News program
/storage/haibn/yt8m/test_lotus/lotus_video_8348.mp4,News program
/storage/haibn/yt8m/test_lotus/lotus_video_7291.mp4,News program
/storage/haibn/yt8m/test_lotus/lotus_video_156.mp4,News program
/storage/haibn/yt8m/test_lotus/lotus_video_6174.mp4,News program
/storage/haibn/yt8m/test_lotus/lotus_video_3369.mp4,News program
/storage/haibn/yt8m/test_lotus/lotus_video_8277.mp4,News program
/storage/haibn/yt8m/test_lotus/lotus_video_4051.mp4,News program
/storage/haibn/yt8m/test_lotus/lotus_video_1883.mp4,News program
/storage/haibn/yt8m/test_lotus/lotus_video_2104.mp4,News program
/storage/haibn/yt8m/test_lotus/lotus_video_4088.mp4,News program
/storage/haibn/yt8m/test_lotus/lotus_video_8793.mp4,News program
/storage/haibn/yt8m/test_lotus/lotus_video_5300.mp4,News program
/storage/haibn/yt8m/test_lotus/lotus_video_3310.mp4,Entertainment
/storage/haibn/yt8m/test_lotus/lotus_video_3274.mp4,News program
/storage/haibn/yt8m/test_lotus/lotus_video_6615.mp4,News program
/storage/haibn/yt8m/test_lotus/lotus_video_5127.mp4,Entertainment
/storage/haibn/yt8m/test_lotus/lotus_video_890.mp4,News program
/storage/haibn/yt8m/test_lotus/lotus_video_1024.mp4,News program
/storage/haibn/yt8m/test_lotus/lotus_video_4424.mp4,News program
/storage/haibn/yt8m/test_lotus/lotus_video_6514.mp4,News program
/storage/haibn/yt8m/test_lotus/lotus_video_5455.mp4,News program
/storage/haibn/yt8m/test_lotus/lotus_video_1588.mp4,News program
/storage/haibn/yt8m/test_lotus/lotus_video_8417.mp4,News program
/storage/haibn/yt8m/test_lotus/lotus_video_73.mp4,News program
/storage/haibn/yt8m/test_lotus/lotus_video_4986.mp4,News program
/storage/haibn/yt8m/test_lotus/lotus_video_2649.mp4,News program
/storage/haibn/yt8m/test_lotus/lotus_video_7478.mp4,News program
/storage/haibn/yt8m/test_lotus/lotus_video_5987.mp4,News program
/storage/haibn/yt8m/test_lotus/lotus_video_6956.mp4,Entertainment
/storage/haibn/yt8m/test_lotus/lotus_video_6693.mp4,News program
/storage/haibn/yt8m/test_lotus/lotus_video_9068.mp4,News program
/storage/haibn/yt8m/test_lotus/lotus_video_4353.mp4,News program
/storage/haibn/yt8m/test_lotus/lotus_video_8309.mp4,News program
/storage/haibn/yt8m/test_lotus/lotus_video_3506.mp4,News program
/storage/haibn/yt8m/test_lotus/lotus_video_8714.mp4,News program
/storage/haibn/yt8m/test_lotus/lotus_video_2097.mp4,News program
/storage/haibn/yt8m/test_lotus/lotus_video_3663.mp4,Entertainment
/storage/haibn/yt8m/test_lotus/lotus_video_4010.mp4,Entertainment
/storage/haibn/yt8m/test_lotus/lotus_video_1879.mp4,News program
/storage/haibn/yt8m/test_lotus/lotus_video_6475.mp4,News program
/storage/haibn/yt8m/test_lotus/lotus_video_4875.mp4,Entertainment
/storage/haibn/yt8m/test_lotus/lotus_video_6689.mp4,News program
/storage/haibn/yt8m/test_lotus/lotus_video_5802.mp4,News program
/storage/haibn/yt8m/test_lotus/lotus_video_1473.mp4,News program
/storage/haibn/yt8m/test_lotus/lotus_video_7236.mp4,News program
/storage/haibn/yt8m/test_lotus/lotus_video_7410.mp4,News program
/storage/haibn/yt8m/test_lotus/lotus_video_5571.mp4,News program
/storage/haibn/yt8m/test_lotus/lotus_video_2501.mp4,News program
/storage/haibn/yt8m/test_lotus/lotus_video_2573.mp4,News program
/storage/haibn/yt8m/test_lotus/lotus_video_6335.mp4,Entertainment
/storage/haibn/yt8m/test_lotus/lotus_video_2411.mp4,Entertainment
/storage/haibn/yt8m/test_lotus/lotus_video_7662.mp4,News program
/storage/haibn/yt8m/test_lotus/lotus_video_5745.mp4,News program
/storage/haibn/yt8m/test_lotus/lotus_video_1044.mp4,News program
/storage/haibn/yt8m/test_lotus/lotus_video_3603.mp4,News program
/storage/haibn/yt8m/test_lotus/lotus_video_3679.mp4,Entertainment
/storage/haibn/yt8m/test_lotus/lotus_video_7846.mp4,News program
/storage/haibn/yt8m/test_lotus/lotus_video_4801.mp4,Entertainment
/storage/haibn/yt8m/test_lotus/lotus_video_3846.mp4,News program
/storage/haibn/yt8m/test_lotus/lotus_video_3013.mp4,News program
/storage/haibn/yt8m/test_lotus/lotus_video_5967.mp4,News program
/storage/haibn/yt8m/test_lotus/lotus_video_964.mp4,News program
/storage/haibn/yt8m/test_lotus/lotus_video_2073.mp4,News program
/storage/haibn/yt8m/test_lotus/lotus_video_6017.mp4,News program
/storage/haibn/yt8m/test_lotus/lotus_video_4696.mp4,News program
/storage/haibn/yt8m/test_lotus/lotus_video_6862.mp4,Entertainment
/storage/haibn/yt8m/test_lotus/lotus_video_690.mp4,News program
/storage/haibn/yt8m/test_lotus/lotus_video_6691.mp4,Entertainment
/storage/haibn/yt8m/test_lotus/lotus_video_4048.mp4,News program
/storage/haibn/yt8m/test_lotus/lotus_video_8144.mp4,News program
/storage/haibn/yt8m/test_lotus/lotus_video_6676.mp4,News program
/storage/haibn/yt8m/test_lotus/lotus_video_7972.mp4,Entertainment
/storage/haibn/yt8m/test_lotus/lotus_video_2471.mp4,Entertainment
/storage/haibn/yt8m/test_lotus/lotus_video_2655.mp4,Entertainment
/storage/haibn/yt8m/test_lotus/lotus_video_1635.mp4,News program
/storage/haibn/yt8m/test_lotus/lotus_video_6650.mp4,News program
/storage/haibn/yt8m/test_lotus/lotus_video_3768.mp4,News program
/storage/haibn/yt8m/test_lotus/lotus_video_841.mp4,News program
/storage/haibn/yt8m/test_lotus/lotus_video_43.mp4,Entertainment
/storage/haibn/yt8m/test_lotus/lotus_video_7717.mp4,News program
/storage/haibn/yt8m/test_lotus/lotus_video_1659.mp4,News program
/storage/haibn/yt8m/test_lotus/lotus_video_8120.mp4,Entertainment
/storage/haibn/yt8m/test_lotus/lotus_video_4488.mp4,Entertainment
/storage/haibn/yt8m/test_lotus/lotus_video_1699.mp4,News program
/storage/haibn/yt8m/test_lotus/lotus_video_3481.mp4,News program
/storage/haibn/yt8m/test_lotus/lotus_video_1852.mp4,News program
/storage/haibn/yt8m/test_lotus/lotus_video_1072.mp4,News program
/storage/haibn/yt8m/test_lotus/lotus_video_4856.mp4,News program
/storage/haibn/yt8m/test_lotus/lotus_video_2173.mp4,News program
/storage/haibn/yt8m/test_lotus/lotus_video_763.mp4,Entertainment
/storage/haibn/yt8m/test_lotus/lotus_video_5202.mp4,News program
/storage/haibn/yt8m/test_lotus/lotus_video_6794.mp4,News program
/storage/haibn/yt8m/test_lotus/lotus_video_3259.mp4,News program
/storage/haibn/yt8m/test_lotus/lotus_video_3685.mp4,News program
/storage/haibn/yt8m/test_lotus/lotus_video_5032.mp4,Entertainment
/storage/haibn/yt8m/test_lotus/lotus_video_1856.mp4,Entertainment
/storage/haibn/yt8m/test_lotus/lotus_video_1546.mp4,News program
/storage/haibn/yt8m/test_lotus/lotus_video_3264.mp4,News program
/storage/haibn/yt8m/test_lotus/lotus_video_625.mp4,News program
/storage/haibn/yt8m/test_lotus/lotus_video_8878.mp4,Entertainment
/storage/haibn/yt8m/test_lotus/lotus_video_5719.mp4,News program
/storage/haibn/yt8m/test_lotus/lotus_video_1417.mp4,Entertainment
/storage/haibn/yt8m/test_lotus/lotus_video_6838.mp4,News program
/storage/haibn/yt8m/test_lotus/lotus_video_4268.mp4,News program
/storage/haibn/yt8m/test_lotus/lotus_video_8455.mp4,News program
/storage/haibn/yt8m/test_lotus/lotus_video_3204.mp4,News program
/storage/haibn/yt8m/test_lotus/lotus_video_1154.mp4,News program
/storage/haibn/yt8m/test_lotus/lotus_video_6943.mp4,News program
/storage/haibn/yt8m/test_lotus/lotus_video_3220.mp4,News program
/storage/haibn/yt8m/test_lotus/lotus_video_5874.mp4,Entertainment
/storage/haibn/yt8m/test_lotus/lotus_video_9113.mp4,Entertainment
/storage/haibn/yt8m/test_lotus/lotus_video_371.mp4,News program
/storage/haibn/yt8m/test_lotus/lotus_video_1765.mp4,News program
/storage/haibn/yt8m/test_lotus/lotus_video_2401.mp4,Entertainment
/storage/haibn/yt8m/test_lotus/lotus_video_6959.mp4,News program
/storage/haibn/yt8m/test_lotus/lotus_video_3701.mp4,Entertainment
/storage/haibn/yt8m/test_lotus/lotus_video_738.mp4,News program
/storage/haibn/yt8m/test_lotus/lotus_video_490.mp4,News program
/storage/haibn/yt8m/test_lotus/lotus_video_1263.mp4,Entertainment
/storage/haibn/yt8m/test_lotus/lotus_video_4581.mp4,Entertainment
/storage/haibn/yt8m/test_lotus/lotus_video_5159.mp4,Entertainment
/storage/haibn/yt8m/test_lotus/lotus_video_8880.mp4,News program
/storage/haibn/yt8m/test_lotus/lotus_video_5470.mp4,News program
/storage/haibn/yt8m/test_lotus/lotus_video_2934.mp4,News program
/storage/haibn/yt8m/test_lotus/lotus_video_3226.mp4,Entertainment
/storage/haibn/yt8m/test_lotus/lotus_video_6557.mp4,News program
/storage/haibn/yt8m/test_lotus/lotus_video_2779.mp4,Entertainment
/storage/haibn/yt8m/test_lotus/lotus_video_1655.mp4,News program
/storage/haibn/yt8m/test_lotus/lotus_video_7150.mp4,News program
/storage/haibn/yt8m/test_lotus/lotus_video_471.mp4,News program
/storage/haibn/yt8m/test_lotus/lotus_video_4439.mp4,Entertainment
/storage/haibn/yt8m/test_lotus/lotus_video_686.mp4,News program
/storage/haibn/yt8m/test_lotus/lotus_video_3460.mp4,News program
/storage/haibn/yt8m/test_lotus/lotus_video_3385.mp4,News program
/storage/haibn/yt8m/test_lotus/lotus_video_6638.mp4,News program
/storage/haibn/yt8m/test_lotus/lotus_video_1314.mp4,News program
/storage/haibn/yt8m/test_lotus/lotus_video_7521.mp4,News program
/storage/haibn/yt8m/test_lotus/lotus_video_7586.mp4,News program
/storage/haibn/yt8m/test_lotus/lotus_video_2840.mp4,News program
/storage/haibn/yt8m/test_lotus/lotus_video_2156.mp4,Entertainment
/storage/haibn/yt8m/test_lotus/lotus_video_6220.mp4,Entertainment
/storage/haibn/yt8m/test_lotus/lotus_video_5090.mp4,News program
/storage/haibn/yt8m/test_lotus/lotus_video_8931.mp4,Entertainment
/storage/haibn/yt8m/test_lotus/lotus_video_7146.mp4,Entertainment
/storage/haibn/yt8m/test_lotus/lotus_video_7589.mp4,News program
/storage/haibn/yt8m/test_lotus/lotus_video_3368.mp4,News program
/storage/haibn/yt8m/test_lotus/lotus_video_8391.mp4,News program
/storage/haibn/yt8m/test_lotus/lotus_video_5886.mp4,News program
/storage/haibn/yt8m/test_lotus/lotus_video_7852.mp4,Entertainment
/storage/haibn/yt8m/test_lotus/lotus_video_5658.mp4,News program
/storage/haibn/yt8m/test_lotus/lotus_video_5904.mp4,Entertainment
/storage/haibn/yt8m/test_lotus/lotus_video_840.mp4,News program
/storage/haibn/yt8m/test_lotus/lotus_video_7815.mp4,News program
/storage/haibn/yt8m/test_lotus/lotus_video_8749.mp4,News program
/storage/haibn/yt8m/test_lotus/lotus_video_7542.mp4,News program
/storage/haibn/yt8m/test_lotus/lotus_video_493.mp4,News program
/storage/haibn/yt8m/test_lotus/lotus_video_2697.mp4,Entertainment
/storage/haibn/yt8m/test_lotus/lotus_video_6362.mp4,Entertainment
/storage/haibn/yt8m/test_lotus/lotus_video_6232.mp4,News program
/storage/haibn/yt8m/test_lotus/lotus_video_5643.mp4,News program
/storage/haibn/yt8m/test_lotus/lotus_video_2218.mp4,News program
/storage/haibn/yt8m/test_lotus/lotus_video_6792.mp4,News program
/storage/haibn/yt8m/test_lotus/lotus_video_6600.mp4,News program
/storage/haibn/yt8m/test_lotus/lotus_video_2804.mp4,News program
/storage/haibn/yt8m/test_lotus/lotus_video_4728.mp4,Entertainment
/storage/haibn/yt8m/test_lotus/lotus_video_7231.mp4,News program
/storage/haibn/yt8m/test_lotus/lotus_video_8259.mp4,News program
/storage/haibn/yt8m/test_lotus/lotus_video_8437.mp4,News program
/storage/haibn/yt8m/test_lotus/lotus_video_7962.mp4,News program
/storage/haibn/yt8m/test_lotus/lotus_video_7325.mp4,News program
/storage/haibn/yt8m/test_lotus/lotus_video_1144.mp4,News program
/storage/haibn/yt8m/test_lotus/lotus_video_7367.mp4,Entertainment
/storage/haibn/yt8m/test_lotus/lotus_video_280.mp4,News program
/storage/haibn/yt8m/test_lotus/lotus_video_5136.mp4,News program
/storage/haibn/yt8m/test_lotus/lotus_video_3355.mp4,News program
/storage/haibn/yt8m/test_lotus/lotus_video_179.mp4,News program
/storage/haibn/yt8m/test_lotus/lotus_video_2376.mp4,News program
/storage/haibn/yt8m/test_lotus/lotus_video_3892.mp4,News program
/storage/haibn/yt8m/test_lotus/lotus_video_1079.mp4,Entertainment
/storage/haibn/yt8m/test_lotus/lotus_video_2775.mp4,Entertainment
/storage/haibn/yt8m/test_lotus/lotus_video_4194.mp4,Entertainment
/storage/haibn/yt8m/test_lotus/lotus_video_258.mp4,News program
/storage/haibn/yt8m/test_lotus/lotus_video_6492.mp4,News program
/storage/haibn/yt8m/test_lotus/lotus_video_7838.mp4,Entertainment
/storage/haibn/yt8m/test_lotus/lotus_video_770.mp4,News program
/storage/haibn/yt8m/test_lotus/lotus_video_6840.mp4,News program
/storage/haibn/yt8m/test_lotus/lotus_video_6708.mp4,News program
/storage/haibn/yt8m/test_lotus/lotus_video_5684.mp4,News program
/storage/haibn/yt8m/test_lotus/lotus_video_3279.mp4,News program
/storage/haibn/yt8m/test_lotus/lotus_video_4840.mp4,News program
/storage/haibn/yt8m/test_lotus/lotus_video_2583.mp4,News program
/storage/haibn/yt8m/test_lotus/lotus_video_3590.mp4,News program
/storage/haibn/yt8m/test_lotus/lotus_video_3399.mp4,News program
/storage/haibn/yt8m/test_lotus/lotus_video_7840.mp4,News program
/storage/haibn/yt8m/test_lotus/lotus_video_6353.mp4,News program
/storage/haibn/yt8m/test_lotus/lotus_video_1422.mp4,News program
/storage/haibn/yt8m/test_lotus/lotus_video_8429.mp4,Entertainment
/storage/haibn/yt8m/test_lotus/lotus_video_5912.mp4,News program
/storage/haibn/yt8m/test_lotus/lotus_video_3688.mp4,News program
/storage/haibn/yt8m/test_lotus/lotus_video_6006.mp4,News program
/storage/haibn/yt8m/test_lotus/lotus_video_1521.mp4,News program
/storage/haibn/yt8m/test_lotus/lotus_video_6283.mp4,News program
/storage/haibn/yt8m/test_lotus/lotus_video_5278.mp4,News program
/storage/haibn/yt8m/test_lotus/lotus_video_1489.mp4,News program
/storage/haibn/yt8m/test_lotus/lotus_video_5616.mp4,News program
/storage/haibn/yt8m/test_lotus/lotus_video_5289.mp4,News program
/storage/haibn/yt8m/test_lotus/lotus_video_2503.mp4,News program
/storage/haibn/yt8m/test_lotus/lotus_video_8543.mp4,News program
/storage/haibn/yt8m/test_lotus/lotus_video_575.mp4,News program
/storage/haibn/yt8m/test_lotus/lotus_video_6027.mp4,News program
/storage/haibn/yt8m/test_lotus/lotus_video_7084.mp4,News program
/storage/haibn/yt8m/test_lotus/lotus_video_5438.mp4,News program
/storage/haibn/yt8m/test_lotus/lotus_video_3420.mp4,News program
/storage/haibn/yt8m/test_lotus/lotus_video_3823.mp4,News program
/storage/haibn/yt8m/test_lotus/lotus_video_2717.mp4,News program
/storage/haibn/yt8m/test_lotus/lotus_video_8545.mp4,News program
/storage/haibn/yt8m/test_lotus/lotus_video_9022.mp4,Entertainment
/storage/haibn/yt8m/test_lotus/lotus_video_4155.mp4,News program
/storage/haibn/yt8m/test_lotus/lotus_video_5905.mp4,News program
/storage/haibn/yt8m/test_lotus/lotus_video_4893.mp4,News program
/storage/haibn/yt8m/test_lotus/lotus_video_2973.mp4,News program
/storage/haibn/yt8m/test_lotus/lotus_video_96.mp4,News program
/storage/haibn/yt8m/test_lotus/lotus_video_2696.mp4,News program
/storage/haibn/yt8m/test_lotus/lotus_video_1936.mp4,News program
/storage/haibn/yt8m/test_lotus/lotus_video_8461.mp4,News program
/storage/haibn/yt8m/test_lotus/lotus_video_111.mp4,News program
/storage/haibn/yt8m/test_lotus/lotus_video_5660.mp4,News program
/storage/haibn/yt8m/test_lotus/lotus_video_4421.mp4,News program
/storage/haibn/yt8m/test_lotus/lotus_video_8813.mp4,News program
/storage/haibn/yt8m/test_lotus/lotus_video_6502.mp4,News program
/storage/haibn/yt8m/test_lotus/lotus_video_9040.mp4,News program
/storage/haibn/yt8m/test_lotus/lotus_video_398.mp4,News program
/storage/haibn/yt8m/test_lotus/lotus_video_4325.mp4,Entertainment
/storage/haibn/yt8m/test_lotus/lotus_video_6183.mp4,News program
/storage/haibn/yt8m/test_lotus/lotus_video_6724.mp4,News program
/storage/haibn/yt8m/test_lotus/lotus_video_7514.mp4,Entertainment
/storage/haibn/yt8m/test_lotus/lotus_video_4249.mp4,Entertainment
/storage/haibn/yt8m/test_lotus/lotus_video_6440.mp4,News program
/storage/haibn/yt8m/test_lotus/lotus_video_4863.mp4,Entertainment
/storage/haibn/yt8m/test_lotus/lotus_video_5962.mp4,News program
/storage/haibn/yt8m/test_lotus/lotus_video_6900.mp4,News program
/storage/haibn/yt8m/test_lotus/lotus_video_7439.mp4,News program
/storage/haibn/yt8m/test_lotus/lotus_video_6787.mp4,News program
/storage/haibn/yt8m/test_lotus/lotus_video_5612.mp4,News program
/storage/haibn/yt8m/test_lotus/lotus_video_3855.mp4,News program
/storage/haibn/yt8m/test_lotus/lotus_video_4244.mp4,Entertainment
/storage/haibn/yt8m/test_lotus/lotus_video_4741.mp4,Entertainment
/storage/haibn/yt8m/test_lotus/lotus_video_1352.mp4,News program
/storage/haibn/yt8m/test_lotus/lotus_video_6273.mp4,News program
/storage/haibn/yt8m/test_lotus/lotus_video_5878.mp4,News program
/storage/haibn/yt8m/test_lotus/lotus_video_1748.mp4,News program
/storage/haibn/yt8m/test_lotus/lotus_video_8028.mp4,News program
/storage/haibn/yt8m/test_lotus/lotus_video_3416.mp4,News program
/storage/haibn/yt8m/test_lotus/lotus_video_5929.mp4,News program
/storage/haibn/yt8m/test_lotus/lotus_video_451.mp4,News program
/storage/haibn/yt8m/test_lotus/lotus_video_5401.mp4,News program
/storage/haibn/yt8m/test_lotus/lotus_video_7061.mp4,News program
/storage/haibn/yt8m/test_lotus/lotus_video_6206.mp4,News program
/storage/haibn/yt8m/test_lotus/lotus_video_6004.mp4,News program
/storage/haibn/yt8m/test_lotus/lotus_video_3836.mp4,Entertainment
/storage/haibn/yt8m/test_lotus/lotus_video_1022.mp4,News program
/storage/haibn/yt8m/test_lotus/lotus_video_1862.mp4,Entertainment
/storage/haibn/yt8m/test_lotus/lotus_video_2820.mp4,Entertainment
/storage/haibn/yt8m/test_lotus/lotus_video_4920.mp4,News program
/storage/haibn/yt8m/test_lotus/lotus_video_7886.mp4,News program
/storage/haibn/yt8m/test_lotus/lotus_video_2074.mp4,News program
/storage/haibn/yt8m/test_lotus/lotus_video_5533.mp4,News program
/storage/haibn/yt8m/test_lotus/lotus_video_2800.mp4,News program
/storage/haibn/yt8m/test_lotus/lotus_video_3739.mp4,Entertainment
/storage/haibn/yt8m/test_lotus/lotus_video_4197.mp4,Entertainment
/storage/haibn/yt8m/test_lotus/lotus_video_3570.mp4,News program
/storage/haibn/yt8m/test_lotus/lotus_video_3528.mp4,News program
/storage/haibn/yt8m/test_lotus/lotus_video_6764.mp4,News program
/storage/haibn/yt8m/test_lotus/lotus_video_3403.mp4,News program
/storage/haibn/yt8m/test_lotus/lotus_video_3195.mp4,News program
/storage/haibn/yt8m/test_lotus/lotus_video_2522.mp4,News program
/storage/haibn/yt8m/test_lotus/lotus_video_587.mp4,Entertainment
/storage/haibn/yt8m/test_lotus/lotus_video_6882.mp4,News program
/storage/haibn/yt8m/test_lotus/lotus_video_7657.mp4,News program
/storage/haibn/yt8m/test_lotus/lotus_video_1078.mp4,News program
/storage/haibn/yt8m/test_lotus/lotus_video_31.mp4,Entertainment
/storage/haibn/yt8m/test_lotus/lotus_video_4324.mp4,News program
/storage/haibn/yt8m/test_lotus/lotus_video_2237.mp4,News program
/storage/haibn/yt8m/test_lotus/lotus_video_6786.mp4,News program
/storage/haibn/yt8m/test_lotus/lotus_video_6521.mp4,News program
/storage/haibn/yt8m/test_lotus/lotus_video_6100.mp4,Entertainment
/storage/haibn/yt8m/test_lotus/lotus_video_1541.mp4,News program
/storage/haibn/yt8m/test_lotus/lotus_video_1283.mp4,News program
/storage/haibn/yt8m/test_lotus/lotus_video_6242.mp4,News program
/storage/haibn/yt8m/test_lotus/lotus_video_4255.mp4,News program
/storage/haibn/yt8m/test_lotus/lotus_video_8769.mp4,News program
/storage/haibn/yt8m/test_lotus/lotus_video_436.mp4,Entertainment
/storage/haibn/yt8m/test_lotus/lotus_video_3132.mp4,Entertainment
/storage/haibn/yt8m/test_lotus/lotus_video_6664.mp4,Entertainment
/storage/haibn/yt8m/test_lotus/lotus_video_2670.mp4,Entertainment
/storage/haibn/yt8m/test_lotus/lotus_video_8853.mp4,News program
/storage/haibn/yt8m/test_lotus/lotus_video_3067.mp4,News program
/storage/haibn/yt8m/test_lotus/lotus_video_2407.mp4,News program
/storage/haibn/yt8m/test_lotus/lotus_video_556.mp4,News program
/storage/haibn/yt8m/test_lotus/lotus_video_3711.mp4,News program
/storage/haibn/yt8m/test_lotus/lotus_video_1159.mp4,Entertainment
/storage/haibn/yt8m/test_lotus/lotus_video_2050.mp4,Entertainment
/storage/haibn/yt8m/test_lotus/lotus_video_413.mp4,News program
/storage/haibn/yt8m/test_lotus/lotus_video_8947.mp4,News program
/storage/haibn/yt8m/test_lotus/lotus_video_2609.mp4,Entertainment
/storage/haibn/yt8m/test_lotus/lotus_video_2155.mp4,News program
/storage/haibn/yt8m/test_lotus/lotus_video_4574.mp4,News program
/storage/haibn/yt8m/test_lotus/lotus_video_2994.mp4,News program
/storage/haibn/yt8m/test_lotus/lotus_video_8533.mp4,Entertainment
/storage/haibn/yt8m/test_lotus/lotus_video_3712.mp4,Entertainment
/storage/haibn/yt8m/test_lotus/lotus_video_449.mp4,Entertainment
/storage/haibn/yt8m/test_lotus/lotus_video_1015.mp4,News program
/storage/haibn/yt8m/test_lotus/lotus_video_1071.mp4,News program
/storage/haibn/yt8m/test_lotus/lotus_video_1717.mp4,Entertainment
/storage/haibn/yt8m/test_lotus/lotus_video_7774.mp4,News program
/storage/haibn/yt8m/test_lotus/lotus_video_5622.mp4,News program
/storage/haibn/yt8m/test_lotus/lotus_video_2945.mp4,News program
/storage/haibn/yt8m/test_lotus/lotus_video_4955.mp4,Entertainment
/storage/haibn/yt8m/test_lotus/lotus_video_8642.mp4,News program
/storage/haibn/yt8m/test_lotus/lotus_video_171.mp4,News program
/storage/haibn/yt8m/test_lotus/lotus_video_2961.mp4,News program
/storage/haibn/yt8m/test_lotus/lotus_video_1868.mp4,News program
/storage/haibn/yt8m/test_lotus/lotus_video_7759.mp4,News program
/storage/haibn/yt8m/test_lotus/lotus_video_5583.mp4,News program
/storage/haibn/yt8m/test_lotus/lotus_video_1722.mp4,News program
/storage/haibn/yt8m/test_lotus/lotus_video_2001.mp4,Entertainment
/storage/haibn/yt8m/test_lotus/lotus_video_7462.mp4,News program
/storage/haibn/yt8m/test_lotus/lotus_video_7128.mp4,News program
/storage/haibn/yt8m/test_lotus/lotus_video_2725.mp4,News program
/storage/haibn/yt8m/test_lotus/lotus_video_6056.mp4,Entertainment
/storage/haibn/yt8m/test_lotus/lotus_video_396.mp4,News program
/storage/haibn/yt8m/test_lotus/lotus_video_7499.mp4,News program
/storage/haibn/yt8m/test_lotus/lotus_video_1963.mp4,Entertainment
/storage/haibn/yt8m/test_lotus/lotus_video_3784.mp4,Entertainment
/storage/haibn/yt8m/test_lotus/lotus_video_6449.mp4,News program
/storage/haibn/yt8m/test_lotus/lotus_video_135.mp4,News program
/storage/haibn/yt8m/test_lotus/lotus_video_5877.mp4,News program
/storage/haibn/yt8m/test_lotus/lotus_video_254.mp4,News program
/storage/haibn/yt8m/test_lotus/lotus_video_7177.mp4,News program
/storage/haibn/yt8m/test_lotus/lotus_video_3965.mp4,News program
/storage/haibn/yt8m/test_lotus/lotus_video_1859.mp4,News program
/storage/haibn/yt8m/test_lotus/lotus_video_4004.mp4,Entertainment
/storage/haibn/yt8m/test_lotus/lotus_video_1696.mp4,News program
/storage/haibn/yt8m/test_lotus/lotus_video_1297.mp4,News program
/storage/haibn/yt8m/test_lotus/lotus_video_3125.mp4,News program
/storage/haibn/yt8m/test_lotus/lotus_video_632.mp4,News program
/storage/haibn/yt8m/test_lotus/lotus_video_5209.mp4,News program
/storage/haibn/yt8m/test_lotus/lotus_video_7284.mp4,Entertainment
/storage/haibn/yt8m/test_lotus/lotus_video_4143.mp4,News program
/storage/haibn/yt8m/test_lotus/lotus_video_8425.mp4,News program
/storage/haibn/yt8m/test_lotus/lotus_video_3959.mp4,News program
/storage/haibn/yt8m/test_lotus/lotus_video_1127.mp4,News program
/storage/haibn/yt8m/test_lotus/lotus_video_7624.mp4,Entertainment
/storage/haibn/yt8m/test_lotus/lotus_video_2465.mp4,News program
/storage/haibn/yt8m/test_lotus/lotus_video_3315.mp4,News program
/storage/haibn/yt8m/test_lotus/lotus_video_2310.mp4,News program
/storage/haibn/yt8m/test_lotus/lotus_video_5850.mp4,News program
/storage/haibn/yt8m/test_lotus/lotus_video_8474.mp4,News program
/storage/haibn/yt8m/test_lotus/lotus_video_7936.mp4,News program
/storage/haibn/yt8m/test_lotus/lotus_video_7151.mp4,News program
/storage/haibn/yt8m/test_lotus/lotus_video_4879.mp4,News program
/storage/haibn/yt8m/test_lotus/lotus_video_5479.mp4,News program
/storage/haibn/yt8m/test_lotus/lotus_video_1887.mp4,News program
/storage/haibn/yt8m/test_lotus/lotus_video_2818.mp4,News program
/storage/haibn/yt8m/test_lotus/lotus_video_8922.mp4,News program
/storage/haibn/yt8m/test_lotus/lotus_video_5913.mp4,Entertainment
/storage/haibn/yt8m/test_lotus/lotus_video_1661.mp4,Entertainment
/storage/haibn/yt8m/test_lotus/lotus_video_2733.mp4,News program
/storage/haibn/yt8m/test_lotus/lotus_video_1665.mp4,News program
/storage/haibn/yt8m/test_lotus/lotus_video_8268.mp4,News program
/storage/haibn/yt8m/test_lotus/lotus_video_4520.mp4,News program
/storage/haibn/yt8m/test_lotus/lotus_video_3820.mp4,News program
/storage/haibn/yt8m/test_lotus/lotus_video_6253.mp4,News program
/storage/haibn/yt8m/test_lotus/lotus_video_8343.mp4,News program
/storage/haibn/yt8m/test_lotus/lotus_video_5600.mp4,News program
/storage/haibn/yt8m/test_lotus/lotus_video_6633.mp4,News program
/storage/haibn/yt8m/test_lotus/lotus_video_1568.mp4,News program
/storage/haibn/yt8m/test_lotus/lotus_video_8272.mp4,News program
/storage/haibn/yt8m/test_lotus/lotus_video_5308.mp4,News program
/storage/haibn/yt8m/test_lotus/lotus_video_3023.mp4,News program
/storage/haibn/yt8m/test_lotus/lotus_video_987.mp4,News program
/storage/haibn/yt8m/test_lotus/lotus_video_5104.mp4,News program
/storage/haibn/yt8m/test_lotus/lotus_video_949.mp4,Entertainment
/storage/haibn/yt8m/test_lotus/lotus_video_4778.mp4,News program
/storage/haibn/yt8m/test_lotus/lotus_video_683.mp4,News program
/storage/haibn/yt8m/test_lotus/lotus_video_1285.mp4,News program
/storage/haibn/yt8m/test_lotus/lotus_video_3764.mp4,Entertainment
/storage/haibn/yt8m/test_lotus/lotus_video_6393.mp4,News program
/storage/haibn/yt8m/test_lotus/lotus_video_5899.mp4,News program
/storage/haibn/yt8m/test_lotus/lotus_video_5241.mp4,News program
/storage/haibn/yt8m/test_lotus/lotus_video_8956.mp4,News program
/storage/haibn/yt8m/test_lotus/lotus_video_3660.mp4,News program
/storage/haibn/yt8m/test_lotus/lotus_video_9054.mp4,News program
/storage/haibn/yt8m/test_lotus/lotus_video_1361.mp4,Entertainment
/storage/haibn/yt8m/test_lotus/lotus_video_3733.mp4,News program
/storage/haibn/yt8m/test_lotus/lotus_video_6172.mp4,News program
/storage/haibn/yt8m/test_lotus/lotus_video_6267.mp4,News program
/storage/haibn/yt8m/test_lotus/lotus_video_8070.mp4,Entertainment
/storage/haibn/yt8m/test_lotus/lotus_video_5257.mp4,News program
/storage/haibn/yt8m/test_lotus/lotus_video_910.mp4,News program
/storage/haibn/yt8m/test_lotus/lotus_video_6370.mp4,News program
/storage/haibn/yt8m/test_lotus/lotus_video_3082.mp4,News program
/storage/haibn/yt8m/test_lotus/lotus_video_5466.mp4,News program
/storage/haibn/yt8m/test_lotus/lotus_video_5211.mp4,Entertainment
/storage/haibn/yt8m/test_lotus/lotus_video_7006.mp4,News program
/storage/haibn/yt8m/test_lotus/lotus_video_3123.mp4,News program
